[
  {
    "value": "shrimp-scampi",
    "synonyms": [
      "shrimp scampi"
    ]
  },
  {
    "value": "cheeseburger",
    "synonyms": [
      "burger",
      "cheeseburger",
      "cheese burger",
      "burger with cheese",
      "hamburger with cheese"
    ]
  },
  {
    "value": "salmon",
    "synonyms": [
      "broiled salmon",
      "salmon"
    ]
  },
  {
    "value": "spaghetti",
    "synonyms": [
      "spaghetti bolognese"
    ]
  },
  {
    "value": "salad",
    "synonyms": [
      "chef salad",
      "chef\u0027s salad",
      "green salad",
      "salad"
    ]
  },
  {
    "value": "caesar-salad",
    "synonyms": [
      "caesar salad"
    ]
  },
  {
    "value": "stew",
    "synonyms": [
      "beef stew",
      "stew"
    ]
  },
  {
    "value": "chili",
    "synonyms": [
      "chili",
      "beef chili"
    ]
  },
  {
    "value": "pepperoni-pizza",
    "synonyms": [
      "pepperoni pizza",
      "pizza with pepperoni",
      "pepperoni"
    ]
  },
  {
    "value": "pizza",
    "synonyms": [
      "cheese pizza",
      "plain pizza",
      "pizza"
    ]
  }
]