[
  {
    "id": "356fb689-98c2-4d28-a56c-75cbf201c821",
    "data": [
      {
        "text": "that\u0027s all I need ",
        "userDefined": false
      },
      {
        "text": "today",
        "alias": "date-time",
        "meta": "@sys.date-time",
        "userDefined": false
      }
    ],
    "isTemplate": false,
    "count": 0,
    "updated": 0
  },
  {
    "id": "33919e5e-e004-4876-a6bc-f180b66a309d",
    "data": [
      {
        "text": "no more",
        "userDefined": false
      }
    ],
    "isTemplate": false,
    "count": 0,
    "updated": 0
  },
  {
    "id": "6f13ad51-741d-4ef9-82b1-a2e62f8240d5",
    "data": [
      {
        "text": "im done",
        "userDefined": false
      }
    ],
    "isTemplate": false,
    "count": 0,
    "updated": 0
  },
  {
    "id": "00b03781-bc53-45fd-a175-fe75b0f8fd5a",
    "data": [
      {
        "text": "nope",
        "userDefined": false
      }
    ],
    "isTemplate": false,
    "count": 0,
    "updated": 0
  },
  {
    "id": "822a4527-9007-40ab-86d0-46ab9d22f7bd",
    "data": [
      {
        "text": "no",
        "userDefined": false
      }
    ],
    "isTemplate": false,
    "count": 0,
    "updated": 0
  },
  {
    "id": "3157731f-c89d-4671-a07a-5424bd911315",
    "data": [
      {
        "text": "nothing else, thanks",
        "userDefined": false
      }
    ],
    "isTemplate": false,
    "count": 0,
    "updated": 0
  },
  {
    "id": "bb25f7b7-edb7-4b5b-af2f-38f766d8d460",
    "data": [
      {
        "text": "I\u0027m all set",
        "userDefined": false
      }
    ],
    "isTemplate": false,
    "count": 0,
    "updated": 0
  },
  {
    "id": "db3c22ef-9591-492b-b4bd-52e23d41115d",
    "data": [
      {
        "text": "done",
        "userDefined": false
      }
    ],
    "isTemplate": false,
    "count": 0,
    "updated": 0
  },
  {
    "id": "76f65c24-3619-45ad-a6ee-6af0d861d619",
    "data": [
      {
        "text": "no, that\u0027s all",
        "userDefined": false
      }
    ],
    "isTemplate": false,
    "count": 0,
    "updated": 0
  }
]