[
  {
    "id": "6f37355b-9df9-4e77-a903-9ed92f54bd5e",
    "data": [
      {
        "text": "two",
        "alias": "number",
        "meta": "@sys.number",
        "userDefined": false
      },
      {
        "text": " ",
        "userDefined": false
      },
      {
        "text": "pizzas",
        "alias": "food-choice",
        "meta": "@food-choice",
        "userDefined": false
      },
      {
        "text": " and ",
        "userDefined": false
      },
      {
        "text": "three",
        "alias": "number",
        "meta": "@sys.number",
        "userDefined": false
      },
      {
        "text": " ",
        "userDefined": false
      },
      {
        "text": "cheeseburgers",
        "alias": "food-choice",
        "meta": "@food-choice",
        "userDefined": false
      },
      {
        "text": ", please",
        "userDefined": false
      }
    ],
    "isTemplate": false,
    "count": 0,
    "updated": 0
  },
  {
    "id": "abfa2417-b528-4026-a53b-1ccbb639742b",
    "data": [
      {
        "text": "Make me a ",
        "userDefined": false
      },
      {
        "text": "pepperoni pizza",
        "alias": "food-choice",
        "meta": "@food-choice",
        "userDefined": true
      }
    ],
    "isTemplate": false,
    "count": 1,
    "updated": 0
  },
  {
    "id": "0c732aa5-3668-462c-b9b6-8744e9acaeac",
    "data": [
      {
        "text": "one",
        "alias": "number",
        "meta": "@sys.number",
        "userDefined": false
      },
      {
        "text": " ",
        "userDefined": false
      },
      {
        "text": "cheeseburger",
        "alias": "food-choice",
        "meta": "@food-choice",
        "userDefined": true
      },
      {
        "text": " with ",
        "userDefined": false
      },
      {
        "text": "fries",
        "alias": "food-choice",
        "meta": "@food-choice",
        "userDefined": false
      }
    ],
    "isTemplate": false,
    "count": 0,
    "updated": 0
  },
  {
    "id": "0481d48d-860b-4ed9-8b94-21447ec00038",
    "data": [
      {
        "text": "can I get a ",
        "userDefined": false
      },
      {
        "text": "broiled salmon",
        "alias": "food-choice",
        "meta": "@food-choice",
        "userDefined": true
      },
      {
        "text": " with ",
        "userDefined": false
      },
      {
        "text": "spinach",
        "alias": "food-choice",
        "meta": "@food-choice",
        "userDefined": true
      }
    ],
    "isTemplate": false,
    "count": 0,
    "updated": 0
  },
  {
    "id": "f9e81112-0bc7-4387-9be1-ff4fd1498638",
    "data": [
      {
        "text": "One",
        "alias": "number",
        "meta": "@sys.number",
        "userDefined": true
      },
      {
        "text": " ",
        "userDefined": false
      },
      {
        "text": "shrimp scampi",
        "alias": "food-choice",
        "meta": "@food-choice",
        "userDefined": true
      },
      {
        "text": ", please",
        "userDefined": false
      }
    ],
    "isTemplate": false,
    "count": 0,
    "updated": 0
  },
  {
    "id": "78b40a9e-813b-475d-b095-9b3609eaec78",
    "data": [
      {
        "text": "Please make me some ",
        "userDefined": false
      },
      {
        "text": "spaghetti bolognese",
        "alias": "food-choice",
        "meta": "@food-choice",
        "userDefined": true
      }
    ],
    "isTemplate": false,
    "count": 0,
    "updated": 0
  },
  {
    "id": "e41c27c5-fe1d-4919-b910-e4d8cb4e740f",
    "data": [
      {
        "text": "I\u0027d like ",
        "userDefined": false
      },
      {
        "text": "one",
        "alias": "number",
        "meta": "@sys.number",
        "userDefined": true
      },
      {
        "text": " ",
        "userDefined": false
      },
      {
        "text": "beef stew",
        "alias": "food-choice",
        "meta": "@food-choice",
        "userDefined": true
      },
      {
        "text": " and ",
        "userDefined": false
      },
      {
        "text": "two",
        "alias": "number",
        "meta": "@sys.number",
        "userDefined": false
      },
      {
        "text": " sides of ",
        "userDefined": false
      },
      {
        "text": "fries",
        "alias": "food-choice",
        "meta": "@food-choice",
        "userDefined": true
      }
    ],
    "isTemplate": false,
    "count": 0,
    "updated": 0
  },
  {
    "id": "3e223e9d-47e3-430c-a008-1a3b43e3e0fb",
    "data": [
      {
        "text": "I\u0027d like to place an order for some food",
        "userDefined": false
      }
    ],
    "isTemplate": false,
    "count": 0,
    "updated": 0
  }
]